place_id,name,slug,address,city,county,phone,rating,review_count,category,reviews_json,status,generated_url,created_at,sent_at,replied_at,notes
wco_2d1a5b024d527450,Covina Complete Auto Repair,covina-complete-auto-repair-covina,"859 W Covina Blvd, Covina, CA 91722",Covina,LA,(626) 699-2348,4.7,102,Auto repair shop,"[{""author"": ""Angie Gonzalez"", ""text"": ""I brought my daughter's car to be worked on, and Mr Joe went above and beyond to make sure my daughter's car was fix and safe to drive. He was professional, honest and attentive. The price was affordable. Im definitely coming back and referring my family and friends. Thank you Mr.Joe for over excelling my expectations.""}, {""author"": ""Dan Rivers"", ""text"": ""Joe is the absolute best mechanic, plus, he's nice, and he cares about his customers, a very difficult mix of professional for hire, to find these days. He takes great care of our fleet, my family and I are are very appreciative of what Joe and his team have done for us. Thank you Joe!""}, {""author"": ""Michael Johnson"", ""text"": ""Best and fairest mechanic I know and those are fantastic job on all my cars for over 10 years""}]",ready,https://castanedanetworks.github.io/westco-outreach-sites/sites/covina-complete-auto-repair-covina/,2026-05-11T22:29:26Z,,,
wco_9c8e687a4821fb98,Thirty Three Salon,thirty-three-salon-west-covina,"147 S Citrus Ave, Covina, CA 91723",West Covina,LA,(626) 732-5813,4.5,44,Beauty salon,"[{""author"": ""Lilith Katz"", ""text"": ""First time dying hair and what a complete disappointment it was. I booked an appointment with Eliana, Ella, for full color dye along with a hair cut and blow out. When I had showed her my Inspo pictures I believed we were on the same page. …""}, {""author"": ""Karina Cecilia"", ""text"": ""My mom and I booked here for next day appointments as we had previously come to the salon when it was called Lavish. It sounds like there is new owners and I was pleased to see that they now carry Oribe (it has been several years since our …""}, {""author"": ""Andrea Thatcher-Byrd"", ""text"": ""Well this was a last minute visit for a young lady who was going to a prom same day. So first I was happy to get her in for hair and makeup so this is the 3 star. …""}, {""author"": ""Karina Rodriguez"", ""text"": ""I was referred by a friend to Frank at Salon Lavish in Covina .  I was looking into going lighter and I’m always skeptical on how light they can get my hair without damaging my hair , so I never get my hopes up.  He did an amazing job he …""}, {""author"": ""Patricia Hernandez"", ""text"": ""This was my first time here. I got my hair colored and cut. Thomas did a fantastic job.  He met every expectation that I had. I will definitely come back again. if you want your hair  to look amazing  I recommend to ask for Thomas. He's a Sweetheart he's polite and does a amazing job.""}]",new,,2026-05-11T22:35:25Z,,,
wco_8089a95960ac53d5,WRLDWIDE BARBERSHOP,wrldwide-barbershop-pomona,"596 Indian Hill Blvd, Pomona, CA 91766",Pomona,LA,(909) 766-8039,5.0,443,Barber shop,"[{""author"": ""Joe SMTD"", ""text"": ""As a haircut connoisseur, I can say that world wide barbershop is a 5 star barbershop. They always go above and beyond with the cuts and make sure you get off that chair feeling great & full of confidence. The fades are some of the crispiest cuts, my friends say they’re crispier than bacon 🔥 Alex, Chuy & Alvaro always leave my cut 10 out of 10 🧼 your barbers favorite barbers!""}, {""author"": ""Ruben Avila"", ""text"": ""Wrld Wide Barbershop is hands down one of the best shops around. Great vibes, super professional, and they really take their time to make sure your cut comes out perfect. Clean fades, sharp lineups, and consistent work every time. Everybody …""}, {""author"": ""Owen Brown"", ""text"": ""Fire cuts, real family energy in the shop, and a perfect spot right next to Tierra Mia. Easily the best barbershop in Pomona. Alex never misses; clean, precise, and professional every single time. 10/10, I recommend Alex to everyone.""}, {""author"": ""iTzLonz"", ""text"": ""Erik did awesome, I have been teaching my son about how important it is to have his own barber, and I think we have found him, he took his time with the haircut and it came out clean.. we are definitely coming back to see him and this time i will wait for him to give me a haircut also.""}, {""author"": ""Pookie"", ""text"": ""Man my boy Chuy got me RIGHT! Clean fade sharp line-up everything on point. Bro really knows what he's doing had me walking out feeling brand new. If you need a cut tap in with Chuy he don't miss!""}]",ready,https://castanedanetworks.github.io/westco-outreach-sites/sites/wrldwide-barbershop-pomona/,2026-05-11T22:48:35Z,,,
wco_02c512c3deff26f1,The Bambino Barbershop Pomona,the-bambino-barbershop-pomona-pomona,"568 W Holt Ave, Pomona, CA 91768",Pomona,LA,(909) 729-5010,4.3,134,Barber shop,"[{""author"": ""Vero Servin"", ""text"": ""Everyone here is very welcoming and attentive, I have been bringing my kids here for about 2 years and they always get my kids right with their haircuts. I definitely recommend this barbershop!""}, {""author"": ""sergio ortega"", ""text"": ""2 barbers sitting down not one can cut my sons hair on a rainy day. No parking. Had to walk in the rain with my 4yr old son. Top it off their prices are ridiculous.  Asked if anyone can cut they all shook their heads… worst service bro get it together""}, {""author"": ""Michael M"", ""text"": ""Had a appointment scheduled for 7am with Moreno, I had talked to him about the timing because I work and can’t make it to the other appointment times that were listed, he had made sure that I can, and will be their the day before the appointment, just for him not to show up himself, that’s crazy, I had woken up early and went over there, texted him multiple times with no response, very unprofessional at least tell me you can’t make it, I was heavily disappointed and surprised because this shop seemed very reputable""}, {""author"": ""valerie corona"", ""text"": ""Mario is always on point!!! The only person I trust my with my boys hair. Amazing customer service as well. If you want a fade that is clean Mario is the one.""}, {""author"": ""Daniel Cervantes"", ""text"": ""This place is not worth going to anymore. The dude Mario cut my hair about three weeks ago and butchered a mid fade. My hair is different lengths on top and left my face and neck razed burned. Went back today hoping to get a decent haircut from somebody else, unfortunately, nobody else was available but Mario, I did mention to him that he left me all razor burned and he got offended and butchered my haircut all over again. Normally, I won’t say anything, but haircuts ain’t cheap anymore and I’m a good tipper.  But this barber did rub me wrong, acting all arrogant, like he didn’t do nothing wrong the first time and not to mention not trying to redeem himself from his past mistakes. This place is not what it-used to be. I guess it’s my fault for giving people the benefit of the doubt.""}]",new,,2026-05-11T22:49:48Z,,,
wco_ebe325ad07167583,Da Spot Barbershop,da-spot-barbershop-pomona,"805 Philadelphia St, Pomona, CA 91766",Pomona,LA,,4.6,111,Barber shop,"[{""author"": ""Joseph Ryciak"", ""text"": ""Marz has the most gentle hands when cutting and  I’ve notice he’s made a lot a gainz which is surprising he still has a soft touch any ways high recommend""}, {""author"": ""Jenny goofjenn@yahoo.com"", ""text"": ""They are very professional my kids love coming here i 100% recommend this barber shop 👌 👍 …""}, {""author"": ""Gus Holguin"", ""text"": ""Edwardkipperhands and his brother Fade Master are top notch professionalism at there passion and the way they make you feel so welcome the way they truly connect with you is awesome they really care about your experience being there this …""}, {""author"": ""M Encinas"", ""text"": ""I LOVE THIS PLACE FOR MY SON. HE ALWAYS GET THE FADE WITH THE LINE. EVERY SINCE CAESAR LEFT MY SON NOW GOES WITH VERONICA. SHE IS AWESOME. WE LOVE HER HER.... THEY ARE BY APPOINTMENT ONLY. MAKE SURE YOU CALL AHEAD OF TIME...""}, {""author"": ""Peter Rodriguez"", ""text"": ""Bro!! I went in and came out a different person, 1st time visit hands down was excellent. Thanks Anthony for the freshest clean haircut!""}]",new,,2026-05-11T22:50:45Z,,,
wco_0b2a2dfd82915353,Pomona Barbers,pomona-barbers-pomona,"430 W Holt Ave unit b, Pomona, CA 91768",Pomona,LA,(714) 391-3606,4.4,85,Barber shop,"[{""author"": ""Peter Castillo"", ""text"": ""Been coming here for years to Pomona barbershop I highly recommend this place to everyone in the Pomona area or surrounding areas city""}, {""author"": ""Linda Lockwood"", ""text"": ""Really cool Barber Shop. Two guys...who are friends formed this \""partnershop\""...and they turn-them-out in style! Professionally perfect cuts. Nice, inviting atmosphere. Free parking...easy to locate.\nFascinating pictures...especially an early Frank Sinatra \""mug shot\"" on the walls.\nOne of those \""ole-time\"" hang-outs for the boys. Catch-up on \""what's going on.\""\nSupporters of Community! Good guys...""}, {""author"": ""Danny Esparza"", ""text"": ""Love the service here! Always cool always available and great barbers that work here literally every single one of them! Been my go to place and never fails thank you guys for the good work🙏. …""}, {""author"": ""Michael Acevedo"", ""text"": ""I'm new to Pomona got my haircut with Andrew best haircut overall clean fade, no push back line up great vibes""}, {""author"": ""John Valencia"", ""text"": ""Great hair cuts. Javier and Sara hooked us up. My son and I came out with fresh hair cuts!""}]",new,,2026-05-11T22:51:25Z,,,
wco_2c60189a7f697786,Master Barber Shop #1,master-barber-shop-1-pomona,"1485 W Holt Ave, Pomona, CA 91768",Pomona,LA,(909) 469-9933,4.6,121,Barber shop,"[{""author"": ""Gabe"", ""text"": ""If you are a woman who wants to get their haircut or color, treat it. I have to tell you the ladies here are nice, but this is not the atmosphere for a woman. There's more men in this facility than they are women.  I think women should go to their own salon where they're treated like women and men are not trying to speak to them while getting their haircuts. Women like to be pampered not being around men and speaking about men things""}, {""author"": ""Christy King"", ""text"": ""I take my boys here all the time!! Super friendly and good with kids""}, {""author"": ""Hank"", ""text"": ""Very satisfied with the service. They are all friendly and will come again next time.""}, {""author"": ""Luis Terriquez"", ""text"": ""The ladies were very friendly I'm very welcoming the young lady who cut my hair you can call her Speedy quick fast professional and clean and a job well done""}, {""author"": ""Melvin Santos"", ""text"": ""Loved my cut and love the service 100% professional.....""}]",new,,2026-05-11T22:51:46Z,,,
wco_2ddd9485d91ebe07,Razor Barbershop,razor-barbershop-pomona,"152 W Holt Ave, Pomona, CA 91768",Pomona,LA,(909) 461-0257,4.5,117,Barber shop,"[{""author"": ""Angie T."", ""text"": ""Second time here. My son hates haircuts and the guys working here are patient and friendly. Highly recommend. Worth the price. $35 haircut for 10 year old boy.""}, {""author"": ""Paul Manriquez"", ""text"": ""Great haircut and atmosphere. Great people too 👍 …""}, {""author"": ""richard dagani"", ""text"": ""Hands down my go to barber shop. Everyone in there cuts high quality fades , they provide great customer service, they're organized and punctual so theirs never long waits. All the barbers at razor cut really clean fades , I go to Tony . …""}, {""author"": ""Javier Madriz"", ""text"": ""I would definitely go there again great service. You walk in and they treat you like if they do want to cut your hair. They care for their business. Definitely check this place out. They'll hook you up beard and haircut 💈Great service family friendly. …""}, {""author"": ""Devon Holley"", ""text"": ""Been coming here since they first opened . And always have been satisfied . People don't listen to the haters . Those people are just negative with nothing to do with their lives but spread the negativity . Came in at first as a customer now they welcome me like family and will always come back to my spot. I feel at home every time . These guys will talk to you about anything and usually the place I go to get my mind off things. And I always leave this place feeling fresh.""}]",new,,2026-05-11T22:52:08Z,,,
wco_5d26b4109d942bf2,Omni Auto Repair Inc,omni-auto-repair-inc-riverside,"12490 Magnolia Ave Suite E, Riverside, CA 92503",Riverside,RIV,(951) 737-5254,4.9,56,Auto repair shop,[],new,,2026-05-11T22:59:18Z,,,
wco_06c0502fffd7cdf9,Jim's Auto Repair,jim-s-auto-repair-riverside,"9764 Magnolia Ave, Riverside, CA 92503",Riverside,RIV,(951) 354-2332,4.7,422,Auto repair shop,[],new,,2026-05-11T23:00:02Z,,,
wco_a3874e02a38b5638,Riverside Car Clinic,riverside-car-clinic-riverside,"17846 Van Buren Boulevard, Riverside, CA 92508",Riverside,RIV,(951) 780-4933,4.7,82,Auto repair shop,"[{""author"": ""Derek O"", ""text"": ""Bruce is as honest a mechanic as you can find. I realize that there are some negative reviews for this location, but I think there’s at least a couple negative reviews everywhere you go. One thing that can be certain, is that Bruce isn’t a shiesty auto mechanic. He charges fair labor prices, and he wants to help people with their vehicles! Don’t listen to the negative reviews, and give this place a chance with your auto repair needs. Thank you Bruce, and the Riverside Car Clinic! ⭐️⭐️⭐️⭐️⭐️""}, {""author"": ""Bailey Allen"", ""text"": ""10/10! Family owned and operated. Super kind, genuine, and honest. Highly recommend""}, {""author"": ""Inland Sunset Pool Services"", ""text"": ""Have never had a issue with Bruce. A good shop that is knowledgeable on OBD1 vehicles! Hard to find these days. And his shop had no issues with a camper on!""}, {""author"": ""Sherrie Rawlings"", ""text"": ""Riverside Car clinic is the best mechanic in town!  They're honest, thorough, and trustworthy.""}, {""author"": ""Wensheng Hou"", ""text"": ""They are very patient and polite, and their prices are fair. You’ll enjoy the service provided by their whole family. I got my oil changed here, and they even offered to check my tires. Very nice of them.""}]",ready,https://castanedanetworks.github.io/westco-outreach-sites/sites/riverside-car-clinic-riverside/,2026-05-11T23:02:06Z,,,
wco_e6a1efadd67ae07d,Red Hair Salon /Wendy,red-hair-salon-wendy-west-covina,"1104 Wescove Pl, West Covina, CA 91790",West Covina,LA,(626) 917-5637,4.6,56,Beauty salon,"[{""author"": ""Marlene B"", ""text"": ""My make up and hair stay gorgeous  all day.\nI received a lot of compliments on how I look and I felt so  comfortable , natural and beautiful.\nI highly recommend Cherry’s salon  if you want to  enhance your beauty on a regular day or prior to attending a big event.Come and see for yourself. Super love this place.!\nThanks Cherry!❤️\n\nMarlene B.""}, {""author"": ""Elisa Elizondo Coronel"", ""text"": ""Cherry has always hooked me up… her memory is impeccable I see her through out 5 years 4 or 5 different times and she always remembers me.\nShe brought my hair back to life and makes me feel beautiful again. I have no pictures this time. But next time it will be something out of the ordinary. Thank you Cherry!!!""}, {""author"": ""Holly"", ""text"": ""ADORE ADORE ADORE! My sister took me here saying  Cherry is the only one allowed to touch her hair and I see why. At first I was shocked with how much length was taken (first post covid cut, it was all dead or split). After getting used to …""}]",new,,2026-05-11T23:18:33Z,,,
wco_e8fb7a1fe5ba8fca,Ashley's Hair Salon,ashley-s-hair-salon-west-covina,"2355 S Azusa Ave, West Covina, CA 91792",West Covina,LA,(626) 965-5052,4.5,51,Hair salon,[],new,,2026-05-11T23:20:09Z,,,
wco_27de989391fd84da,Clarisas Beauty Salon,clarisas-beauty-salon-west-covina,"833 S Glendora Ave, West Covina, CA 91790",West Covina,LA,(626) 941-7252,4.5,26,Beauty salon,[],new,,2026-05-11T23:20:34Z,,,
wco_29c1ba8ffba280db,Beleza Salon & Spa,beleza-salon-spa-west-covina,"450 S Glendora Ave, West Covina, CA 91790",West Covina,LA,,4.7,30,Hair salon,[],new,,2026-05-11T23:21:54Z,,,
wco_50dff326ab22f46d,SN Barbershop,sn-barbershop-el-monte,"4705 Peck Rd, El Monte, CA 91732",El Monte,LA,(626) 454-2393,4.7,101,Barber shop,"[{""author"": ""Jose A"", ""text"": ""First time visiting this barbershop and I will continue getting my haircuts here. I did a walk in and some guy named Jesse did my hair without hesitation. This guy is top notch. Best haircut I've ever gotten. You could tell right away Jesse takes pride in his trade. Seems like a cool guy too. The place is nice and clean and plenty of parking in the front and back. Definitely recommend this place.""}, {""author"": ""Gordon Hebert"", ""text"": ""Julian made my hair look even better than imagined. I wasn't sure what cut to go with so he helped me decide. It came out looking amazing. This is definitely my new place.""}, {""author"": ""carlos estevez"", ""text"": ""My third time coming to this place , and honestly they do a great job , never rushing, great prices, they always make me feel welcomed ,""}, {""author"": ""Art Mendoza"", ""text"": ""I've been coming here for quite a few years.\nThe owner RIP was doing my hair for many years and after he passed his son doesn't know just as professional as he does. The barber shop is a very clean place great environment and friendly staff.. I cut my hair here with Jesse the barber every 3 weeks and I drive for 3 hours to get here So for me as well worth it and I strongly recommend this location.""}, {""author"": ""Gabriela Canedo Mala"", ""text"": ""Super clean and really nice workers. Cash only. There is an ATM inside for your convince.  Make an appointment especially on weekends for faster service.""}]",ready,https://castanedanetworks.github.io/westco-outreach-sites/sites/sn-barbershop-el-monte/,2026-05-11T23:22:56Z,,,
wco_500d25f017100a1f,Taperjes Barber Shop,taperjes-barber-shop-el-monte,"12220 Valley Blvd, El Monte, CA 91732",El Monte,LA,(626) 582-8441,4.7,115,Barber shop,"[{""author"": ""Jose Romero"", ""text"": ""I have been coming here for almost 4 years and haven’t gotten a bad haircut. Best barber in town for sure.""}, {""author"": ""Jose Mendoza"", ""text"": ""Best barber in town! Been coming here for over 6 years now. You won’t be disappointed he does an amazing job and will get you out in 20 min. He does take walk ins but would encourage you to call and make an appointment to avoid waiting. 10/10 experience. Strongly recommend.""}, {""author"": ""Sparta Chris"", ""text"": ""This is one of the best barber shops in SoCal. They are very social and friendly, always giving a warm welcome when I walk through the door. I cannot recommend this place enough, if you’re looking for a 5 star barber then this is your stop. …""}, {""author"": ""Jason Duran"", ""text"": ""Best barber in San Gabriel Valley area. Been going to Jes since I was in elementary school. Refuse to let anyone else cut my hair to this day. I drive from Ontario to El Monte to get my haircut from his shop. 10/10 always recommend to family and friends. Appointments are easy to make and communication is great!""}, {""author"": ""David Alvarado"", ""text"": ""Best barber in the sgv. I been going to him for over 10 years. There is no one I rather go to. Been going to him since before he even had his own shop. He does designs. He does beards. He's so good and for a great low price as well. …""}]",ready,https://castanedanetworks.github.io/westco-outreach-sites/sites/taperjes-barber-shop-el-monte/,2026-05-11T23:23:39Z,,,
wco_c103490acd436e01,Tyler Barber Shop,tyler-barber-shop-el-monte,"4241 Tyler Ave, El Monte, CA 91731",El Monte,LA,(626) 279-7047,4.5,110,Barber shop,"[{""author"": ""Grace hurtado"", ""text"": ""I’ve been going to Sergio for a few years now, and the service is consistently excellent. He takes his time, pays attention to detail, and always make sure my cut is exactly how I want it. The shop is clean, and professional. I always leave feeling fresh and confident. Highly recommend Sergio to anyone looking for a skilled and reliable barber.\n\nThanks Dude 😊""}, {""author"": ""Manuel Duran"", ""text"": ""This place is horrible! Nelly is very rude and unprofessional. She looks like she hates her job. Very unpleasant women, scared the hell out of my kids with her horrible attitude and demeanor. My 8 year old was in tears when we got back to the car.""}, {""author"": ""Pru"", ""text"": ""I started going to this place not to long ago but they all do a very good job. I have had 4 out of the 5 barbers there cut my hair and they have done a very good job. They even recommend how to style your hair. Their little parking space sucks but there's street parking which is fine. Weekends get crazy, there's lots of people coming in for cuts do so either come early or get to know a barber and book a time for your cut with him if you don't want to sit and wait  although I have not booked an appointment. They charge about $17 plus tip.""}, {""author"": ""Anthony Cruz"", ""text"": ""Great Barbers, shot out to my boy Miguel great, Amazing cuts for hair and beard""}, {""author"": ""Robert Valdez"", ""text"": ""Been coming here for years. All the barbers are really great, clean, and it really doesn't matter which one you go to, they all do good work. Even with a lot of people and appointments, you can be in and out in less than an hour sometimes, and come out looking fresh.""}]",new,,2026-05-11T23:24:49Z,,,
wco_57e11b275bcc8b64,Big Boy's Barber Shop,big-boy-s-barber-shop-el-monte,"11835 Valley Blvd, El Monte, CA 91732",El Monte,LA,(626) 443-6248,4.5,123,Barber shop,"[{""author"": ""mike beltran"", ""text"": ""Best Barber in the SGV. Been coming for years. My boys will not let anyone else cut their hair but Soco!! I have a busy schedule,  I love that I can make an appt and work around my schedule. Definitely recommend Big Boys barber shop!!""}, {""author"": ""pbflex"", ""text"": ""This shop is my go to for cuts. The place is clean, the barbers there are very professional and welcoming. Jose always does a perfect job on my cut. He has been a barber for a long time and has mastered his craft. I always leave this place looking fresh.""}, {""author"": ""Eric Torres"", ""text"": ""Very great barbershop! Been going for years! Soco really goes into detail and gives great haircuts. The other barbers cut hair great as well! Call in to get your appointment!""}, {""author"": ""Rick Ramos 85"", ""text"": ""Have been going to Big Boys barber shop  since prior to Covid. Have to tell you Jose and his guys don’t disappoint. very courteous and attentive to getting your hair cut right. As long as I’m in El Monte I’ll keep going there. Great, guys keep it up.""}, {""author"": ""Moe Nouri"", ""text"": ""I like the fade and the cut at this place, shoutout to Soko, today was my 3rd haircut with him since I moved to this neighborhood, I really like his style, very fast and clean cut every time.""}]",new,,2026-05-11T23:25:15Z,,,
wco_793a2d0cab3e50d2,The Cuts E&M Barbershop,the-cuts-e-m-barbershop-el-monte,"4164 Peck Rd Ste E, El Monte, CA 91732",El Monte,LA,(626) 542-3871,4.7,25,Barber shop,"[{""author"": ""Stephanie Martinez"", ""text"": ""Barber Marta does a great clean job with my boys all the time she has been my sons barber for 10 years now  also her prices are great not to mention very patient and great with kids. Marta also does a great job on woman hair cuts.""}, {""author"": ""Jesus Maciel"", ""text"": ""Great customer service. They accept walk ins but would recommend to make an appointment. My barber is Edith and she's great, takes her time and makes sure you're satisfied before leaving the shop""}, {""author"": ""David626 1"", ""text"": ""Personally love this shop I always go with Martha the og to me. Always takes her time to make my hair cut look nice. I appreciate her patience cause am very picky with my hair cuts. I recommend anybody in the sgv area to get a cut from this barber shop. Thank you guys.""}, {""author"": ""Rami Ramos"", ""text"": ""The stylist Edith is very nice. Take her time to do a great job. Not to mention she's very attractive. This is my go to place for a haircut. 😁👍 …""}, {""author"": ""Enoc Gomez"", ""text"": ""I’ve been getting my haircut by Edith for 6 years. Happy customer and glad to see she and her business partner have their own shop.""}]",new,,2026-05-11T23:25:39Z,,,
wco_3eaa4fc9010d87bb,Muniz Barbershop and Beauty Salon,muniz-barbershop-and-beauty-salon-el-monte,"10053 Valley Blvd #4, El Monte, CA 91731",El Monte,LA,(626) 444-0108,4.3,61,Barber shop,"[{""author"": ""Rosi Jimenez"", ""text"": ""I took my son to get his perm, they didnt do it good and came off the next day. I took him the 3rd day so they can see the perm was gone, and they told me the lady was going to call me but never did, So I Went and talked to her. She tried to charge me $50 again just to do it, and was very rude towards me.""}, {""author"": ""Daniel Guevara"", ""text"": ""They do good haircuts and some of the guys are chill but they always let friends cut the line. I was there waiting to get a haircut and a guy came in without an appointment and said “damn how long is the wait” the barber then replied don’t worry your up right now. In my opinion that is very bad business practice and unprofessional. This is my last cut here and I will have to find another shop. 2 stars for their skills but they lack in keeping business and friends separate.""}, {""author"": ""Esteban Ascencio"", ""text"": ""Over the years, I've gone to several barbers looking for a quality, professional cut and it has been more than a difficult task. When I found Eric and Muniz Barbershop, it was a true breath of fresh air. They were extremely helpful and …""}, {""author"": ""Nat Duran"", ""text"": ""This family-feel barbershop is the place to go! I have been going here for years now. Great pricing, experienced barbers, and kind workers! It’s not intimidating like some barbershops can be. Let them know what you are looking for and they can work their magic. I always get compliments on my hair and fade because the talent these barbers have is unreal! There are no appointments and walk-in, cash only. Bring your bills and your head and go get cut by the best barbers around!""}, {""author"": ""James Ortiz"", ""text"": ""I have been going for 2 years now, service has always been great. Super reasonable prices compared to other barber shops. Highly recommend!""}]",new,,2026-05-11T23:26:08Z,,,
wco_660bd6803c3bcf59,Oscar Barber shop.,oscar-barber-shop-el-monte,"4356 Peck Rd, El Monte, CA 91732",El Monte,LA,(626) 221-2140,4.7,79,Barber shop,"[{""author"": ""BL UE"", ""text"": ""My new barber get the job done in a timely manner. Im in and out within 20 minutes \""ready for another 10,000 miles.\""\nNO TIME WASTED. Thank you Oscar for your service and consistency!""}, {""author"": ""Daniel Craig Walker"", ""text"": ""Awesome barber. Both Oscar and Gloria are awesome stylist. Very professional all you gotta do is tell him or her what you want and they’ll do it.""}, {""author"": ""Coltvinlolz The Guff"", ""text"": ""I got a haircut there once and loved it! The old lady there is super chill and the owner of it as well. Highly recommended""}, {""author"": ""Matthew Magallon"", ""text"": ""One of the best barbers I have been to I love that he dose it so fat but it’s really good I love this barber""}, {""author"": ""Mister Felix"", ""text"": ""Oscar gets down with fades quick status! The lady that works here is pretty awesome too. Been coming here for years, even though I moved out of the area. Can't make it sometimes, but I always regret it! Rock bottom prices and great service make this place a great value!""}]",ready,https://castanedanetworks.github.io/westco-outreach-sites/sites/oscar-barber-shop-el-monte/,2026-05-11T23:26:34Z,,,
wco_344fd51d58f7a406,My BarberShop,my-barbershop-el-monte,"2731 Tyler Ave, El Monte, CA 91733",El Monte,LA,(626) 421-3663,4.9,29,Barber shop,"[{""author"": ""Janelle Angulo"", ""text"": ""Very comfortable setting. Always make sure to make that appt. The day before.Is most definitely making a difference in keeping the young men of SGV, fresh and clean, lined up,faded, well groomed. I would recommend this barber.""}, {""author"": ""Daniel Jimenez"", ""text"": ""Man this dude takes his time on your hair just tell him how u want it and how you like it specifically...he doesn't cut corners at all since I been coming to this guy he does a great job and deserves his tips...I don't know about anyone else but I respect the man...for his work and efforts always on time.does his best!!!""}, {""author"": ""Ernie Rodriguez"", ""text"": ""Does exactly what I want when I want. Do your self a favor and Make an appointment to get in and out because it does get busy.""}, {""author"": ""Edgar Rodriguez"", ""text"": ""30-40 haircuts a day its a “One man crew” but holds it down for the SGV. You like looking fresh everytime hit up the spot #mybarbershopRuben recognize game!!!""}, {""author"": ""Manuel"", ""text"": ""Ruben has been my barber for 7 years, and has done excellent work every time and has never disappointed""}]",ready,https://castanedanetworks.github.io/westco-outreach-sites/sites/my-barbershop-el-monte/,2026-05-11T23:27:31Z,,,
wco_7ffa52ed05161821,serenity pet grooming,serenity-pet-grooming-pomona,"4412 Phillips Blvd, Pomona, CA 91766",Pomona,LA,(909) 461-0793,4.8,17,Pet groomer,"[{""author"": ""Dany Fernanda Her"", ""text"": ""Took my pet today with them! Service was amazing! Everyone was very friendly and my dog came out very happy. He’s usually anxious when we take him to groomers (thanks to petsmart) but I noticed my dog wasn’t anxious after his grooming here. …""}, {""author"": ""roxanna canales"", ""text"": ""My golden loves the treatment she gets here ! They do a good job for the price and even have next day bookings available . I got her a trim for Christmas photos and loved the end result""}, {""author"": ""neil li"", ""text"": ""I had a fantastic experience at this pet grooming salon! The staff was incredibly friendly and professional, and they took excellent care of my furry friend. The best part was that the prices were quite reasonable compared to other places …""}]",ready,https://castanedanetworks.github.io/westco-outreach-sites/sites/serenity-pet-grooming-pomona/,2026-05-11T23:30:30Z,,,
wco_03619df1a09cf7ef,P.a.w.s. pets are wonderfully special,p-a-w-s-pets-are-wonderfully-special-pomona,"E McKinley Ave, Pomona, CA 91767",Pomona,LA,(909) 446-5267,5.0,1,Pet groomer,"[{""author"": ""enedina lujan"", ""text"": """"}]",new,,2026-05-11T23:35:00Z,,,
